alexander-possingham-CeWNEEsHPbA-unsplash.jpg	Alexander Possingham	https://unsplash.com/@allexx54
alistair-dent-8qVXI_7T72Y-unsplash.jpg	Alistair Dent	https://unsplash.com/@alistairdent
christian-englmeier-ffjIWUlZbW0-unsplash.jpg	Christian Englmeier	https://unsplash.com/@christianem
emil-widlund-uM172wj3tMk-unsplash.jpg	Emil Widlund	https://unsplash.com/@emilwidlund
erik-jan-leusink-HrMD7MngiBE-unsplash.jpg	Erik-Jan Leusink	https://unsplash.com/@ejleusink
jae-park-7GX5aICb5i4-unsplash.jpg	Jae Park	https://unsplash.com/@jaehunpark
kerin-gedge-7SG2fZ0-30s-unsplash.jpg	Kerin Gedge	https://unsplash.com/@tunebasics
rachael-henning-8k-RhRNHl1Y-unsplash.jpg	Rachael Henning	https://unsplash.com/@shesmorphine
snoes.jpg	Su	Weeb
snoes2.jpg	Niels	Dils
blackcat.jpg	Su	BlackCat
Maybe.jpg	MaybeFake	Pls
doubletrouble.jpg	trythis	pls
barelyacat.jpg	barely a cat	smile
doge.jpg	doge	doge
simoncat.jpg	simoncat	pls
simoncat2.jpg	simon2	pls
moi.jpg	smile	help